payment_id,booking_id,amount,status,multiple_failures_count
1,1,1697,Success,0
2,2,4054,Success,0
3,3,3371,Success,0
4,4,1767,Success,0
5,5,1351,Failed,1
6,6,568,Failed,0
7,7,242,Success,0
8,8,2107,Success,0
9,9,3690,Success,0
10,10,2735,Failed,0
11,11,4373,Success,0
12,12,3073,Success,0
13,13,2024,Success,0
14,14,1493,Success,1
15,15,4969,Success,0
16,16,4996,Failed,0
17,17,3586,Success,0
18,18,3172,Success,0
19,19,4122,Failed,0
20,20,1192,Failed,0
21,21,2586,Success,0
22,22,2440,Success,0
23,23,1676,Success,0
24,24,3607,Failed,0
25,25,589,Success,0
26,26,1199,Failed,0
27,27,4820,Success,0
28,28,2055,Success,0
29,29,858,Success,0
30,30,2963,Success,0
31,31,3863,Success,0
32,32,1681,Success,0
33,33,3931,Success,0
34,34,651,Success,0
35,35,2675,Success,0
36,36,3422,Success,0
37,37,1737,Success,0
38,38,3293,Success,0
39,39,1082,Success,0
40,40,4608,Success,0
41,41,4268,Failed,0
42,42,2766,Success,0
43,43,3477,Success,0
44,44,574,Success,0
45,45,4746,Success,0
46,46,3897,Success,0
47,47,3262,Failed,0
48,48,4890,Failed,0
49,49,3450,Success,0
50,50,4795,Success,0
51,51,4759,Success,0
52,52,312,Success,0
53,53,3397,Success,2
54,54,2578,Success,0
55,55,2124,Success,0
56,56,339,Success,0
57,57,1624,Success,0
58,58,3149,Success,0
59,59,3368,Success,0
60,60,716,Success,1
61,61,2816,Failed,0
62,62,1087,Success,0
63,63,3304,Success,0
64,64,249,Success,0
65,65,4151,Failed,0
66,66,3760,Success,0
67,67,218,Success,0
68,68,1673,Success,0
69,69,4261,Success,0
70,70,2806,Success,0
71,71,651,Success,0
72,72,3965,Failed,0
73,73,2638,Failed,0
74,74,4510,Failed,0
75,75,1749,Success,0
76,76,3674,Success,0
77,77,327,Success,0
78,78,2961,Success,0
79,79,4656,Success,0
80,80,4864,Success,0
81,81,1615,Success,0
82,82,401,Success,0
83,83,2569,Failed,0
84,84,717,Success,0
85,85,1541,Failed,0
86,86,4976,Success,0
87,87,2188,Failed,0
88,88,3745,Success,0
89,89,4720,Success,0
90,90,4002,Failed,0
91,91,3475,Success,0
92,92,3854,Failed,0
93,93,2634,Success,3
94,94,407,Success,0
95,95,2833,Success,0
96,96,4317,Success,0
97,97,353,Success,0
98,98,3566,Success,0
99,99,4514,Success,0
100,100,4964,Success,0
101,101,1718,Success,0
102,102,2800,Success,0
103,103,2395,Success,0
104,104,4698,Success,0
105,105,4891,Success,0
106,106,3754,Success,0
107,107,2614,Failed,0
108,108,3049,Failed,0
109,109,1942,Success,0
110,110,1506,Success,0
111,111,4049,Success,0
112,112,4368,Success,1
113,113,4776,Success,0
114,114,4855,Success,0
115,115,4395,Success,0
116,116,2755,Success,0
117,117,2505,Success,0
118,118,4708,Failed,0
119,119,1288,Success,0
120,120,2842,Success,0
121,121,1377,Success,0
122,122,4957,Success,0
123,123,3194,Success,0
124,124,759,Success,0
125,125,3164,Success,0
126,126,1471,Success,0
127,127,2013,Success,0
128,128,3115,Success,0
129,129,809,Failed,0
130,130,2661,Success,0
131,131,4320,Success,0
132,132,483,Success,0
133,133,3128,Success,0
134,134,4596,Success,0
135,135,1291,Success,0
136,136,1016,Success,1
137,137,282,Success,0
138,138,2120,Success,1
139,139,3691,Failed,0
140,140,3344,Success,0
141,141,2293,Success,0
142,142,4913,Success,0
143,143,375,Failed,0
144,144,2904,Failed,0
145,145,569,Success,0
146,146,2018,Success,0
147,147,2301,Success,0
148,148,4985,Success,0
149,149,3690,Success,0
150,150,1979,Success,0
151,151,1564,Success,0
152,152,4662,Success,0
153,153,3542,Success,0
154,154,4939,Success,0
155,155,3876,Success,0
156,156,2626,Success,0
157,157,272,Success,0
158,158,3162,Success,2
159,159,1059,Success,0
160,160,4056,Success,0
161,161,4338,Success,0
162,162,2624,Success,0
163,163,1264,Failed,0
164,164,2417,Success,1
165,165,4217,Success,0
166,166,2459,Success,0
167,167,3951,Success,0
168,168,2286,Failed,0
169,169,568,Failed,0
170,170,3004,Success,0
171,171,350,Success,0
172,172,1334,Failed,0
173,173,2984,Failed,0
174,174,4364,Success,0
175,175,2546,Success,0
176,176,2450,Success,0
177,177,260,Failed,0
178,178,3210,Success,0
179,179,4101,Success,0
180,180,1537,Success,0
181,181,1384,Success,0
182,182,4626,Success,0
183,183,1751,Success,0
184,184,4633,Success,0
185,185,1829,Success,0
186,186,1527,Success,0
187,187,1726,Success,0
188,188,1873,Success,0
189,189,1561,Failed,0
190,190,1773,Success,0
191,191,2886,Success,1
192,192,4570,Success,0
193,193,2566,Success,0
194,194,3957,Success,0
195,195,2634,Success,0
196,196,2193,Success,0
197,197,1069,Success,0
198,198,1214,Success,0
199,199,2111,Success,0
200,200,802,Success,0
201,201,4021,Success,0
202,202,890,Success,0
203,203,693,Success,0
204,204,689,Failed,0
205,205,2756,Failed,0
206,206,4685,Success,0
207,207,494,Success,0
208,208,4227,Success,0
209,209,3043,Success,0
210,210,3112,Success,0
211,211,1917,Failed,0
212,212,2796,Success,0
213,213,4944,Failed,0
214,214,2073,Success,0
215,215,4863,Success,0
216,216,3458,Success,0
217,217,3017,Success,0
218,218,644,Success,0
219,219,3841,Success,0
220,220,4658,Success,0
221,221,941,Success,0
222,222,2241,Success,0
223,223,879,Success,0
224,224,2667,Success,0
225,225,3897,Success,0
226,226,1558,Success,0
227,227,262,Success,2
228,228,2759,Failed,2
229,229,3969,Success,0
230,230,4551,Success,0
231,231,334,Success,0
232,232,3844,Success,0
233,233,2335,Success,0
234,234,3478,Success,0
235,235,1022,Success,0
236,236,3274,Failed,0
237,237,3181,Success,0
238,238,320,Failed,0
239,239,1837,Success,0
240,240,1124,Failed,1
241,241,844,Success,0
242,242,2232,Success,0
243,243,2961,Success,0
244,244,2268,Failed,0
245,245,441,Success,0
246,246,2868,Failed,0
247,247,1002,Success,0
248,248,4364,Success,0
249,249,395,Success,0
250,250,2387,Success,1
251,251,3715,Success,0
252,252,2530,Failed,1
253,253,2559,Success,0
254,254,3806,Success,0
255,255,476,Success,0
256,256,260,Success,0
257,257,3590,Failed,0
258,258,2113,Success,0
259,259,4127,Success,0
260,260,2791,Success,0
261,261,766,Success,0
262,262,4135,Success,0
263,263,1771,Success,0
264,264,4917,Success,0
265,265,1400,Success,0
266,266,4609,Success,0
267,267,3054,Success,0
268,268,3095,Success,0
269,269,1436,Success,0
270,270,336,Success,0
271,271,1229,Success,0
272,272,2356,Success,0
273,273,2794,Success,0
274,274,861,Success,1
275,275,2672,Success,0
276,276,2877,Failed,0
277,277,2508,Success,0
278,278,286,Success,0
279,279,2712,Success,0
280,280,3142,Success,0
281,281,2973,Failed,2
282,282,2704,Success,0
283,283,3510,Success,0
284,284,1900,Success,0
285,285,3870,Success,0
286,286,2900,Success,0
287,287,3829,Success,0
288,288,4790,Success,0
289,289,1847,Success,2
290,290,3518,Success,0
291,291,3887,Success,0
292,292,796,Success,0
293,293,4745,Success,0
294,294,684,Success,0
295,295,845,Success,0
296,296,3289,Failed,0
297,297,4957,Success,0
298,298,4584,Success,0
299,299,920,Success,0
300,300,4933,Success,2
301,301,698,Success,0
302,302,4929,Success,0
303,303,1873,Success,0
304,304,3267,Failed,0
305,305,314,Success,0
306,306,3179,Success,0
307,307,4969,Success,0
308,308,1936,Success,0
309,309,3811,Success,0
310,310,2453,Success,0
311,311,2494,Failed,0
312,312,3830,Success,0
313,313,346,Success,0
314,314,4182,Success,0
315,315,3653,Failed,1
316,316,4707,Success,0
317,317,2610,Success,0
318,318,336,Success,0
319,319,3560,Success,0
320,320,3205,Success,2
321,321,3752,Success,0
322,322,218,Success,0
323,323,2442,Success,0
324,324,648,Success,0
325,325,2148,Success,1
326,326,1145,Success,0
327,327,4436,Success,0
328,328,2120,Success,0
329,329,3177,Success,0
330,330,4388,Success,0
331,331,4215,Failed,0
332,332,438,Failed,1
333,333,404,Success,0
334,334,2807,Success,0
335,335,4540,Success,1
336,336,3588,Success,0
337,337,3172,Success,0
338,338,4590,Success,0
339,339,2887,Success,0
340,340,4366,Success,0
341,341,1548,Success,1
342,342,4600,Success,0
343,343,1016,Success,0
344,344,1020,Success,0
345,345,392,Failed,0
346,346,1976,Success,0
347,347,3845,Success,0
348,348,4824,Success,1
349,349,450,Success,0
350,350,1988,Success,0
351,351,3900,Success,0
352,352,2663,Success,0
353,353,1367,Success,0
354,354,4093,Success,0
355,355,1296,Success,0
356,356,2879,Success,0
357,357,2047,Success,0
358,358,4104,Success,0
359,359,704,Success,0
360,360,1821,Success,0
361,361,2672,Success,0
362,362,2746,Failed,0
363,363,1587,Success,0
364,364,3194,Success,0
365,365,4016,Failed,0
366,366,917,Success,0
367,367,3684,Success,0
368,368,4634,Success,0
369,369,858,Success,0
370,370,4208,Success,0
371,371,4724,Success,3
372,372,4434,Success,0
373,373,3964,Success,0
374,374,3189,Success,0
375,375,4837,Success,1
376,376,2304,Success,0
377,377,1455,Success,0
378,378,2682,Success,0
379,379,583,Failed,0
380,380,2807,Success,0
381,381,393,Success,0
382,382,4007,Success,0
383,383,3919,Success,0
384,384,2781,Success,0
385,385,2765,Success,0
386,386,2963,Success,0
387,387,2998,Success,0
388,388,2539,Failed,0
389,389,3606,Success,0
390,390,931,Success,1
391,391,3072,Success,0
392,392,3320,Success,0
393,393,4980,Success,0
394,394,4377,Success,0
395,395,2804,Success,0
396,396,2582,Success,0
397,397,731,Success,0
398,398,4516,Success,0
399,399,834,Success,0
400,400,1969,Success,0
401,401,4004,Success,0
402,402,2570,Success,0
403,403,202,Failed,0
404,404,405,Success,0
405,405,4335,Success,0
406,406,2821,Success,0
407,407,4939,Success,0
408,408,3090,Success,0
409,409,3393,Success,0
410,410,2866,Failed,0
411,411,3506,Failed,0
412,412,1097,Success,0
413,413,1285,Success,0
414,414,1479,Success,0
415,415,870,Success,0
416,416,1705,Success,0
417,417,3775,Success,0
418,418,2155,Success,0
419,419,449,Success,0
420,420,2092,Success,0
421,421,3639,Failed,0
422,422,2053,Success,0
423,423,3054,Success,0
424,424,1703,Success,0
425,425,3585,Success,0
426,426,3771,Success,0
427,427,3992,Success,0
428,428,3626,Success,0
429,429,243,Success,0
430,430,3812,Success,0
431,431,2818,Success,0
432,432,4878,Success,0
433,433,3363,Failed,0
434,434,1488,Success,0
435,435,3142,Success,0
436,436,419,Success,0
437,437,2125,Success,0
438,438,3172,Success,1
439,439,3713,Success,2
440,440,2648,Success,0
441,441,3671,Success,0
442,442,2974,Success,0
443,443,1190,Success,0
444,444,3146,Success,0
445,445,2012,Success,2
446,446,1003,Success,0
447,447,689,Success,0
448,448,3756,Success,0
449,449,1693,Failed,0
450,450,3845,Success,0
451,451,3091,Success,0
452,452,1905,Success,0
453,453,3716,Success,0
454,454,3540,Success,0
455,455,253,Success,0
456,456,2775,Failed,0
457,457,3791,Failed,0
458,458,815,Success,0
459,459,1154,Success,0
460,460,2633,Success,0
461,461,1829,Success,0
462,462,2981,Success,0
463,463,849,Success,0
464,464,2547,Success,0
465,465,4690,Success,0
466,466,3478,Success,0
467,467,2840,Success,0
468,468,4001,Success,0
469,469,2761,Success,2
470,470,3449,Success,0
471,471,570,Success,0
472,472,1057,Success,0
473,473,4953,Success,0
474,474,583,Failed,0
475,475,4077,Success,0
476,476,2752,Success,0
477,477,4534,Failed,0
478,478,4490,Success,1
479,479,2925,Success,0
480,480,4234,Success,0
481,481,3493,Failed,0
482,482,4451,Success,0
483,483,4188,Success,0
484,484,1122,Success,0
485,485,3115,Success,0
486,486,3150,Success,0
487,487,3246,Success,0
488,488,1174,Success,0
489,489,1430,Failed,0
490,490,2635,Success,0
491,491,2014,Success,0
492,492,3134,Failed,0
493,493,1563,Success,0
494,494,4140,Success,0
495,495,403,Success,0
496,496,360,Failed,0
497,497,4687,Success,0
498,498,968,Success,0
499,499,3948,Failed,0
500,500,2781,Success,0
501,501,1293,Failed,0
502,502,4700,Success,0
503,503,807,Success,0
504,504,1740,Success,0
505,505,3075,Success,0
506,506,3391,Success,0
507,507,2037,Success,0
508,508,889,Success,0
509,509,3959,Failed,0
510,510,3149,Success,0
511,511,2303,Success,0
512,512,565,Failed,0
513,513,3775,Success,0
514,514,4750,Success,0
515,515,4399,Success,0
516,516,4372,Success,0
517,517,4525,Failed,0
518,518,2578,Success,0
519,519,1405,Success,0
520,520,4039,Success,0
521,521,2935,Success,0
522,522,3547,Success,0
523,523,1875,Success,0
524,524,498,Success,1
525,525,1156,Failed,0
526,526,1314,Success,0
527,527,2705,Success,0
528,528,1674,Success,0
529,529,4660,Success,0
530,530,4646,Failed,0
531,531,3926,Failed,0
532,532,3671,Success,1
533,533,3028,Success,0
534,534,3050,Success,0
535,535,2706,Success,0
536,536,3970,Failed,0
537,537,3164,Success,0
538,538,4794,Success,0
539,539,1149,Success,0
540,540,4803,Success,0
541,541,3050,Success,0
542,542,365,Success,0
543,543,3686,Success,0
544,544,2709,Success,0
545,545,1119,Success,0
546,546,313,Success,0
547,547,3704,Success,0
548,548,1191,Success,0
549,549,4039,Success,0
550,550,1458,Success,0
551,551,3626,Success,0
552,552,714,Success,0
553,553,3396,Success,0
554,554,4634,Success,0
555,555,2784,Success,0
556,556,267,Success,0
557,557,1796,Success,0
558,558,4678,Success,0
559,559,218,Success,0
560,560,2930,Success,0
561,561,3721,Success,0
562,562,772,Success,0
563,563,2458,Success,0
564,564,3102,Success,0
565,565,850,Failed,0
566,566,2787,Success,0
567,567,3462,Success,0
568,568,1538,Success,0
569,569,3834,Success,0
570,570,3027,Success,0
571,571,2417,Success,0
572,572,3739,Failed,0
573,573,1237,Success,0
574,574,4583,Success,2
575,575,4178,Success,0
576,576,3161,Success,0
577,577,3426,Success,0
578,578,1298,Success,0
579,579,2524,Success,0
580,580,1139,Success,1
581,581,3916,Success,0
582,582,3614,Failed,0
583,583,1648,Failed,0
584,584,770,Success,0
585,585,3104,Success,0
586,586,2705,Success,0
587,587,1117,Success,1
588,588,2074,Success,0
589,589,1878,Success,1
590,590,815,Success,0
591,591,4701,Success,0
592,592,1949,Success,0
593,593,4025,Success,0
594,594,4388,Failed,0
595,595,2677,Success,0
596,596,4949,Success,0
597,597,3705,Success,0
598,598,3675,Success,0
599,599,4729,Success,2
600,600,1335,Success,0
601,601,4200,Success,0
602,602,574,Success,0
603,603,406,Success,0
604,604,1519,Success,0
605,605,1341,Success,0
606,606,4827,Success,0
607,607,2890,Success,0
608,608,3455,Success,0
609,609,289,Success,0
610,610,4308,Success,0
611,611,3220,Success,0
612,612,2057,Success,0
613,613,1004,Success,0
614,614,1144,Success,0
615,615,2989,Success,2
616,616,4075,Success,0
617,617,1810,Success,0
618,618,3123,Success,0
619,619,4082,Success,0
620,620,3421,Success,0
621,621,4591,Failed,0
622,622,4935,Success,1
623,623,2587,Success,0
624,624,4923,Success,0
625,625,1141,Success,0
626,626,2766,Success,0
627,627,1175,Success,0
628,628,1154,Failed,0
629,629,1462,Failed,0
630,630,1143,Success,0
631,631,2402,Success,0
632,632,3527,Success,0
633,633,4474,Success,0
634,634,2459,Success,0
635,635,2028,Success,0
636,636,1457,Success,0
637,637,664,Success,0
638,638,3494,Success,0
639,639,1430,Success,0
640,640,2854,Failed,0
641,641,1084,Failed,0
642,642,4005,Failed,1
643,643,4056,Success,0
644,644,3335,Success,0
645,645,1124,Success,0
646,646,4789,Success,1
647,647,1746,Success,0
648,648,1294,Success,1
649,649,2611,Success,0
650,650,2817,Success,0
651,651,962,Success,0
652,652,2523,Success,3
653,653,4345,Success,0
654,654,2975,Success,0
655,655,4859,Success,0
656,656,3355,Failed,0
657,657,4170,Failed,0
658,658,2240,Failed,0
659,659,783,Success,0
660,660,4531,Success,0
661,661,2303,Success,0
662,662,2142,Success,0
663,663,4655,Success,0
664,664,309,Success,0
665,665,391,Success,0
666,666,1103,Success,0
667,667,1061,Success,1
668,668,1283,Success,0
669,669,849,Success,0
670,670,4334,Success,1
671,671,3811,Success,1
672,672,836,Success,0
673,673,1236,Success,0
674,674,4331,Success,0
675,675,2348,Success,0
676,676,4065,Success,0
677,677,3357,Success,0
678,678,3787,Success,0
679,679,3494,Success,0
680,680,4461,Success,0
681,681,2630,Success,1
682,682,2079,Success,0
683,683,4166,Success,2
684,684,3913,Success,3
685,685,4326,Success,0
686,686,4306,Success,0
687,687,2211,Success,0
688,688,3573,Success,0
689,689,2343,Success,0
690,690,2700,Success,0
691,691,4781,Success,2
692,692,1489,Success,0
693,693,1647,Success,0
694,694,3399,Success,0
695,695,2143,Success,0
696,696,3383,Success,0
697,697,3416,Failed,0
698,698,3336,Success,0
699,699,3518,Success,0
700,700,2982,Success,0
701,701,1190,Success,0
702,702,2353,Success,0
703,703,425,Success,0
704,704,976,Success,1
705,705,3037,Failed,1
706,706,887,Success,0
707,707,729,Success,0
708,708,3642,Failed,0
709,709,2353,Success,0
710,710,1494,Failed,0
711,711,1726,Success,0
712,712,4974,Failed,0
713,713,3096,Success,0
714,714,3303,Success,0
715,715,2640,Failed,0
716,716,4335,Success,0
717,717,4002,Success,0
718,718,1044,Success,0
719,719,646,Success,0
720,720,4115,Success,0
721,721,3309,Success,0
722,722,1434,Success,0
723,723,426,Success,0
724,724,4343,Success,0
725,725,3159,Success,0
726,726,2030,Success,0
727,727,3979,Success,0
728,728,386,Success,0
729,729,3077,Success,0
730,730,2735,Success,0
731,731,2132,Success,0
732,732,3124,Success,0
733,733,1048,Failed,0
734,734,2232,Success,0
735,735,1452,Success,0
736,736,2081,Success,0
737,737,469,Success,0
738,738,1830,Failed,0
739,739,4605,Success,0
740,740,3403,Success,0
741,741,1774,Failed,0
742,742,3092,Success,0
743,743,1895,Success,0
744,744,3458,Success,0
745,745,3462,Success,0
746,746,1645,Failed,0
747,747,419,Success,0
748,748,252,Success,0
749,749,1957,Success,0
750,750,1866,Failed,0
751,751,2985,Success,0
752,752,919,Success,0
753,753,605,Failed,0
754,754,2494,Success,0
755,755,271,Success,0
756,756,2253,Success,0
757,757,1429,Failed,0
758,758,1767,Success,0
759,759,3882,Success,0
760,760,3153,Success,0
761,761,4682,Success,0
762,762,898,Success,0
763,763,1026,Success,0
764,764,548,Success,0
765,765,4108,Success,0
766,766,507,Success,0
767,767,3616,Success,0
768,768,2534,Failed,0
769,769,3009,Success,0
770,770,3758,Success,0
771,771,4678,Success,0
772,772,3677,Success,0
773,773,4820,Success,0
774,774,2886,Success,0
775,775,3185,Success,0
776,776,475,Success,0
777,777,2747,Success,0
778,778,2964,Success,0
779,779,536,Success,0
780,780,2173,Success,0
781,781,3179,Success,0
782,782,4776,Success,0
783,783,4168,Success,0
784,784,1110,Success,0
785,785,2196,Success,0
786,786,3329,Success,0
787,787,4404,Success,0
788,788,3957,Success,0
789,789,527,Success,0
790,790,1999,Failed,0
791,791,514,Success,0
792,792,3745,Success,0
793,793,1334,Failed,0
794,794,2946,Failed,0
795,795,1720,Success,0
796,796,355,Success,0
797,797,1924,Success,0
798,798,3543,Success,0
799,799,1086,Success,0
800,800,3273,Success,3
801,801,3005,Success,0
802,802,921,Success,0
803,803,1112,Success,1
804,804,3557,Failed,1
805,805,1070,Failed,0
806,806,4308,Success,0
807,807,697,Failed,0
808,808,1956,Failed,3
809,809,1317,Success,0
810,810,3609,Success,0
811,811,3028,Success,0
812,812,1847,Failed,0
813,813,3183,Success,0
814,814,342,Success,0
815,815,2961,Success,0
816,816,3635,Success,0
817,817,4860,Success,0
818,818,2631,Success,0
819,819,4712,Success,0
820,820,2048,Failed,0
821,821,2896,Failed,0
822,822,1917,Success,0
823,823,3272,Success,0
824,824,1267,Success,0
825,825,2986,Success,0
826,826,3991,Success,0
827,827,1488,Failed,0
828,828,4071,Failed,0
829,829,2006,Success,0
830,830,1704,Failed,0
831,831,3508,Success,0
832,832,3151,Success,0
833,833,271,Success,0
834,834,1890,Success,0
835,835,1544,Success,0
836,836,3503,Failed,0
837,837,3313,Success,0
838,838,1082,Success,0
839,839,4434,Success,0
840,840,2862,Success,0
841,841,1704,Failed,0
842,842,2663,Success,0
843,843,2753,Success,0
844,844,932,Failed,0
845,845,1948,Success,0
846,846,4124,Success,0
847,847,623,Success,0
848,848,3678,Success,0
849,849,1791,Success,0
850,850,4685,Success,0
851,851,4637,Failed,0
852,852,4909,Failed,0
853,853,692,Success,0
854,854,391,Success,0
855,855,698,Failed,0
856,856,1456,Success,0
857,857,2168,Success,0
858,858,4522,Success,1
859,859,2386,Failed,0
860,860,1016,Success,0
861,861,3420,Success,0
862,862,1673,Success,0
863,863,1286,Failed,0
864,864,4399,Success,0
865,865,2074,Success,0
866,866,1070,Success,0
867,867,4963,Success,0
868,868,2242,Success,0
869,869,472,Success,0
870,870,1229,Failed,0
871,871,3418,Success,0
872,872,4269,Success,0
873,873,1251,Success,0
874,874,4233,Success,0
875,875,1773,Success,0
876,876,3390,Success,0
877,877,4588,Success,0
878,878,3997,Success,0
879,879,3489,Success,0
880,880,3947,Success,0
881,881,2305,Success,0
882,882,507,Success,0
883,883,3559,Failed,0
884,884,3376,Success,1
885,885,1451,Success,0
886,886,2947,Success,0
887,887,1717,Success,0
888,888,1578,Success,1
889,889,2161,Success,0
890,890,4505,Success,0
891,891,3063,Success,0
892,892,2856,Success,0
893,893,2694,Success,0
894,894,4767,Success,0
895,895,4205,Success,0
896,896,3763,Failed,0
897,897,1122,Success,0
898,898,4432,Success,0
899,899,4662,Success,0
900,900,3159,Success,0
901,901,383,Success,0
902,902,3558,Success,0
903,903,1598,Success,0
904,904,2996,Success,0
905,905,736,Success,0
906,906,1473,Success,0
907,907,3167,Failed,0
908,908,3249,Success,0
909,909,1296,Success,0
910,910,1505,Success,0
911,911,1115,Success,0
912,912,3281,Success,0
913,913,4447,Success,0
914,914,1228,Failed,0
915,915,2177,Failed,0
916,916,3554,Success,0
917,917,2711,Success,0
918,918,470,Success,0
919,919,1386,Success,0
920,920,4755,Success,0
921,921,4400,Failed,0
922,922,3964,Success,0
923,923,2598,Success,2
924,924,4729,Success,0
925,925,4435,Success,0
926,926,4382,Success,0
927,927,1911,Success,0
928,928,2430,Success,0
929,929,328,Success,0
930,930,1469,Success,0
931,931,3872,Success,0
932,932,1801,Success,0
933,933,4965,Success,0
934,934,4170,Success,0
935,935,4444,Success,0
936,936,827,Success,0
937,937,3997,Failed,0
938,938,2244,Success,0
939,939,3752,Success,0
940,940,2541,Success,0
941,941,3414,Success,0
942,942,449,Failed,1
943,943,3125,Failed,0
944,944,1174,Success,0
945,945,1525,Success,0
946,946,1183,Success,0
947,947,1088,Success,0
948,948,3137,Success,0
949,949,2317,Success,0
950,950,2872,Success,0
951,951,1526,Success,0
952,952,670,Success,0
953,953,2187,Success,0
954,954,290,Failed,0
955,955,729,Success,0
956,956,4956,Success,0
957,957,4259,Success,0
958,958,2973,Success,0
959,959,1886,Success,0
960,960,391,Success,0
961,961,2186,Failed,0
962,962,3823,Success,1
963,963,2385,Failed,0
964,964,4640,Success,2
965,965,1208,Success,0
966,966,3983,Success,0
967,967,4498,Success,0
968,968,4868,Success,0
969,969,4487,Success,0
970,970,2252,Success,0
971,971,3508,Success,0
972,972,1916,Success,0
973,973,510,Success,0
974,974,4738,Failed,0
975,975,1460,Failed,0
976,976,4132,Success,0
977,977,3468,Success,0
978,978,784,Success,0
979,979,2999,Success,0
980,980,559,Success,0
981,981,3066,Success,0
982,982,2211,Success,0
983,983,4206,Success,0
984,984,1825,Success,0
985,985,2964,Success,0
986,986,1090,Success,0
987,987,931,Success,0
988,988,4161,Success,0
989,989,4901,Success,0
990,990,2704,Failed,0
991,991,814,Success,3
992,992,4006,Failed,0
993,993,1919,Success,0
994,994,4969,Success,0
995,995,1787,Success,0
996,996,1811,Success,0
997,997,1096,Failed,0
998,998,477,Success,0
999,999,4847,Failed,0
1000,1000,1836,Success,0
